scorer,Parth,Parth,Parth,Parth,Parth,Parth,Parth,Parth,Parth,Parth
bodyparts,finger1,finger1,finger2,finger2,finger3,finger3,finger4,finger4,pellet,pellet
coords,x,y,x,y,x,y,x,y,x,y
labeled-data/rat9_front/img11695.png,,,,,,,,,86.6141114352844,82.2733856600656
labeled-data/rat9_front/img11696.png,,,,,,,,,86.6141114352844,81.91450001290957
labeled-data/rat9_front/img11697.png,,,,,,,,,86.97299708244043,81.91450001290957
labeled-data/rat9_front/img11698.png,,,,,,,,,87.33188272959643,82.2733856600656
labeled-data/rat9_front/img11699.png,,,,,,,,,86.97299708244043,81.55561436575354
labeled-data/rat9_front/img11700.png,,,,,,,,,86.6141114352844,81.91450001290957
labeled-data/rat9_front/img11701.png,,,,,,,,,86.97299708244043,81.91450001290957
labeled-data/rat9_front/img11702.png,,,,,,,,,86.6141114352844,81.55561436575354
labeled-data/rat9_front/img11703.png,,,,,,,,,86.6141114352844,81.91450001290957
labeled-data/rat9_front/img11704.png,,,,,,,,,86.97299708244043,81.55561436575354
labeled-data/rat9_front/img11705.png,,,,,,,,,87.33188272959643,82.2733856600656
labeled-data/rat9_front/img11706.png,,,,,,,,,86.6141114352844,81.91450001290957
labeled-data/rat9_front/img11707.png,,,,,,,,,87.33188272959643,81.55561436575354
labeled-data/rat9_front/img11708.png,,,,,,,,,86.97299708244043,81.91450001290957
labeled-data/rat9_front/img11709.png,,,,,,,,,86.97299708244043,81.91450001290957
labeled-data/rat9_front/img11710.png,,,,,,,,,87.33188272959643,81.91450001290957
labeled-data/rat9_front/img11711.png,,,,,,,,,86.97299708244043,81.55561436575354
labeled-data/rat9_front/img11712.png,,,,,,,,,86.97299708244043,81.91450001290957
labeled-data/rat9_front/img11713.png,,,,,,,,,87.33188272959643,81.55561436575354
labeled-data/rat9_front/img11714.png,,,,,,,,,86.97299708244043,81.91450001290957
labeled-data/rat9_front/img11715.png,,,,,,,,,87.33188272959643,81.91450001290957
labeled-data/rat9_front/img11716.png,,,,,,,,,86.97299708244043,81.91450001290957
labeled-data/rat9_front/img11717.png,,,,,,,,,87.33188272959643,81.19672871859753
labeled-data/rat9_front/img11718.png,,,,,,,,,86.25522578812837,81.55561436575354
labeled-data/rat9_front/img11719.png,,,,,,,,,87.69076837675246,81.55561436575354
labeled-data/rat9_front/img11720.png,,,,,,,,,86.97299708244043,81.19672871859753
labeled-data/rat9_front/img11722.png,,,,,,,,,109.85466486793518,88.77918205055383
labeled-data/rat9_front/img11723.png,,,,,,,,,109.85466486793518,88.77918205055383
labeled-data/rat9_front/img11724.png,,,,,,,,,109.85466486793518,88.77918205055383
labeled-data/rat9_front/img11725.png,,,,,,,,,109.47254202060358,89.16130489788542
labeled-data/rat9_front/img11726.png,,,,,,,,,109.47254202060358,89.54342774521702
labeled-data/rat9_front/img11727.png,,,,,,,,,109.85466486793518,89.16130489788542
labeled-data/rat9_front/img11728.png,,,,,,,,,110.23678771526679,89.16130489788542
labeled-data/rat9_front/img11729.png,,,,,,,,,110.23678771526679,89.16130489788542
labeled-data/rat9_front/img11730.png,,,,,,,,,109.85466486793518,88.77918205055383
labeled-data/rat9_front/img11731.png,,,,,,,,,109.85466486793518,88.77918205055383
labeled-data/rat9_front/img11732.png,,,,,,,,,109.47254202060358,88.77918205055383
labeled-data/rat9_front/img11733.png,,,,,,,,,110.23678771526679,88.39705920322223
labeled-data/rat9_front/img11734.png,,,,,,,,,109.85466486793518,88.77918205055383
labeled-data/rat9_front/img11735.png,,,,,,,,,109.85466486793518,88.77918205055383
labeled-data/rat9_front/img11736.png,,,,,,,,,111.00103340992996,88.77918205055383
labeled-data/rat9_front/img11737.png,,,,,,,,,109.47254202060358,89.16130489788542
labeled-data/rat9_front/img11738.png,,,,,,,,,110.61891056259836,89.16130489788542
labeled-data/rat9_front/img11739.png,,,,,,,,,110.23678771526679,89.54342774521702
labeled-data/rat9_front/img11740.png,126.28594730319375,81.90097079858512,118.26136750923027,85.34007642456947,106.79768208928243,86.48644496656426,,,110.23678771526679,89.54342774521702
labeled-data/rat9_front/img11741.png,,,,,,,,,111.00103340992996,88.77918205055383
labeled-data/rat9_front/img11742.png,128.19656153985173,87.63281350855904,119.78985889855664,88.01493635589064,107.94405063127721,88.39705920322223,104.12282215796125,89.92555059254862,112.91164764658794,87.63281350855904
labeled-data/rat9_front/img11743.png,127.43231584518853,87.63281350855904,119.02561320389344,88.77918205055383,108.32617347860881,88.77918205055383,104.50494500529285,90.3076734398802,114.05801618858271,87.63281350855904
labeled-data/rat9_front/img11744.png,125.90382445586215,88.77918205055383,118.64349035656187,89.16130489788542,109.47254202060358,90.6897962872118,105.26919069995603,89.92555059254862,113.67589334125114,87.63281350855904
labeled-data/rat9_front/img11745.png,125.13957876119898,88.39705920322223,118.64349035656187,89.16130489788542,109.47254202060358,89.54342774521702,105.26919069995603,89.92555059254862,113.67589334125114,87.25069066122745
labeled-data/rat9_front/img11746.png,123.6110873718726,88.39705920322223,119.40773605122504,88.77918205055383,,,105.26919069995603,89.92555059254862,112.52952479925634,87.63281350855904
labeled-data/rat9_front/img12130.png,,,,,,,,,86.6141114352844,82.2733856600656
labeled-data/rat9_front/img12131.png,,,,,,,,,85.89634014097234,81.55561436575354
labeled-data/rat9_front/img12132.png,,,,,,,,,86.6141114352844,81.91450001290957
labeled-data/rat9_front/img12133.png,,,,,,,,,86.6141114352844,82.2733856600656
labeled-data/rat9_front/img12134.png,,,,,,,,,86.6141114352844,82.2733856600656
labeled-data/rat9_front/img12135.png,,,,,,,,,86.25522578812837,81.91450001290957
labeled-data/rat9_front/img12136.png,,,,,,,,,86.25522578812837,82.63227130722161
labeled-data/rat9_front/img12137.png,,,,,,,,,86.6141114352844,82.2733856600656
labeled-data/rat9_front/img12138.png,,,,,,,,,86.6141114352844,82.2733856600656
labeled-data/rat9_front/img12139.png,,,,,,,,,86.6141114352844,82.2733856600656
labeled-data/rat9_front/img12140.png,,,,,,,,,86.97299708244043,81.91450001290957
labeled-data/rat9_front/img12141.png,,,,,,,,,86.6141114352844,81.91450001290957
labeled-data/rat9_front/img12142.png,,,,,,,,,86.6141114352844,81.91450001290957
labeled-data/rat9_front/img12143.png,,,,,,,,,86.6141114352844,81.91450001290957
labeled-data/rat9_front/img12144.png,,,,,,,,,86.6141114352844,81.91450001290957
labeled-data/rat9_front/img12145.png,,,,,,,,,86.25522578812837,82.2733856600656
labeled-data/rat9_front/img12146.png,,,,,,,,,86.25522578812837,81.55561436575354
labeled-data/rat9_front/img12147.png,,,,,,,,,85.89634014097234,81.55561436575354
labeled-data/rat9_front/img12148.png,,,,,,,,,86.25522578812837,81.55561436575354
labeled-data/rat9_front/img12149.png,,,,,,,,,88.04965402390849,82.2733856600656
labeled-data/rat9_front/img12150.png,,,,,,,,,89.48519661253258,81.55561436575354
labeled-data/rat9_front/img12151.png,,,,,,,,,89.12631096537658,81.19672871859753
labeled-data/rat9_front/img12152.png,,,,,,,,,89.12631096537658,80.8378430714415
labeled-data/rat9_front/img12153.png,,,,,,,,,88.40853967106452,80.8378430714415
labeled-data/rat9_front/img12154.png,,,,,,,,,88.04965402390849,81.55561436575354
labeled-data/rat9_front/img12155.png,,,,,,,,,87.33188272959643,81.91450001290957
labeled-data/rat9_front/img12156.png,,,,,,,,,87.33188272959643,82.2733856600656
labeled-data/rat9_front/img12157.png,,,,,,,,,86.97299708244043,81.55561436575354
labeled-data/rat9_front/img12158.png,,,,,,,,,87.69076837675246,81.55561436575354
labeled-data/rat9_front/img12159.png,,,,,,,,,87.33188272959643,81.19672871859753
labeled-data/rat9_front/img12160.png,,,,,,,,,87.69076837675246,81.55561436575354
labeled-data/rat9_front/img12161.png,,,,,,,,,88.40853967106452,81.55561436575354
labeled-data/rat9_front/img12163.png,,,,,,,,,111.00103340992996,88.39705920322223
labeled-data/rat9_front/img12164.png,,,,,,,,,110.61891056259836,88.39705920322223
labeled-data/rat9_front/img12165.png,,,117.11499896723546,80.75460225659033,114.44013903591431,83.04733934057991,,,110.23678771526679,88.77918205055383
labeled-data/rat9_front/img12166.png,120.93622744055142,78.46186517260077,117.49712181456707,81.13672510392193,113.67589334125114,85.34007642456947,105.26919069995603,90.6897962872118,110.61891056259836,89.92555059254862
labeled-data/rat9_front/img12167.png,127.81443869252013,79.60823371459556,122.4647188298778,84.19370788257469,114.00553706525683,86.33662297706249,106.79768208928243,90.6897962872118,111.38315625726156,89.16130489788542
labeled-data/rat9_front/img12168.png,132.01779001316768,85.34007642456947,124.37533306653577,87.63281350855904,111.76527910459316,86.48644496656426,107.5619277839456,91.07191913454339,,
labeled-data/rat9_front/img12169.png,132.01779001316768,87.63281350855904,124.75745591386737,89.54342774521702,110.23678771526679,88.01493635589064,104.12282215796125,92.98253337120137,,
labeled-data/rat9_front/img12170.png,130.4892986238413,87.25069066122745,125.52170160853055,91.07191913454339,110.23678771526679,88.01493635589064,103.74069931062965,89.54342774521702,,
labeled-data/rat9_front/img12171.png,129.3429300818465,88.77918205055383,122.8468416772094,90.3076734398802,110.61891056259836,88.39705920322223,105.65131354728763,89.92555059254862,,
labeled-data/rat9_front/img12172.png,128.19656153985173,89.16130489788542,121.70047313521462,89.16130489788542,112.14740195192473,89.16130489788542,104.88706785262445,89.54342774521702,,
labeled-data/rat9_front/img12173.png,126.28594730319375,90.3076734398802,120.55410459321982,88.77918205055383,110.61891056259836,89.92555059254862,104.12282215796125,89.16130489788542,,
labeled-data/rat9_front/img12174.png,122.8468416772094,88.77918205055383,118.64349035656187,88.39705920322223,112.52952479925634,88.39705920322223,106.41555924195083,89.16130489788542,,
labeled-data/rat9_front/img12175.png,120.93622744055142,87.25069066122745,117.87924466189867,87.25069066122745,114.44013903591431,88.39705920322223,107.179804936614,89.54342774521702,,
labeled-data/rat9_front/img12176.png,120.31954168344589,86.66224850937499,116.87825565547706,85.15668587213862,113.2218892507602,86.55470832100096,106.79768208928243,89.16130489788542,,
labeled-data/rat9_front/img12177.png,119.40773605122504,84.95795357723787,116.73287611990389,84.57583072990629,115.20438473057752,87.25069066122745,107.179804936614,88.39705920322223,,
labeled-data/rat9_front/img12178.png,119.78985889855664,84.95795357723787,117.11499896723546,83.8115850352431,116.35075327257229,86.10432211923266,107.5619277839456,87.25069066122745,,
labeled-data/rat9_front/img12179.png,119.02561320389344,82.66521649324831,117.11499896723546,83.04733934057991,115.20438473057752,85.34007642456947,107.179804936614,88.01493635589064,,
labeled-data/rat9_front/img12180.png,119.78985889855664,83.04733934057991,116.73287611990389,82.28309364591672,115.37329267816764,84.62832917598632,107.94405063127721,89.16130489788542,,
labeled-data/rat9_front/img12181.png,118.64349035656187,81.90097079858512,116.35075327257229,81.90097079858512,115.20438473057752,84.57583072990629,106.79768208928243,87.63281350855904,,
labeled-data/rat9_front/img12182.png,119.02561320389344,81.90097079858512,116.35075327257229,81.90097079858512,115.58650757790909,84.57583072990629,106.41555924195083,88.77918205055383,,
labeled-data/rat9_front/img12183.png,118.26136750923027,81.13672510392193,115.58650757790909,81.13672510392193,115.58650757790909,85.34007642456947,107.179804936614,88.77918205055383,,
labeled-data/rat9_front/img12184.png,118.64349035656187,80.75460225659033,,,115.96863042524069,83.8115850352431,108.32617347860881,89.16130489788542,,
labeled-data/rat9_front/img12185.png,118.64349035656187,81.51884795125352,116.35075327257229,81.13672510392193,115.58650757790909,84.19370788257469,,,,
labeled-data/rat9_front/img12186.png,118.64349035656187,81.51884795125352,116.35075327257229,81.51884795125352,116.35075327257229,84.57583072990629,,,,
labeled-data/rat9_front/img12187.png,117.87924466189867,82.28309364591672,116.35075327257229,82.28309364591672,115.96863042524069,84.95795357723787,,,,
labeled-data/rat9_front/img12188.png,117.87924466189867,83.8115850352431,115.20438473057752,83.8115850352431,115.20438473057752,86.86856781389585,,,,
labeled-data/rat9_front/img12189.png,118.26136750923027,83.8115850352431,116.35075327257229,84.19370788257469,115.96863042524069,86.86856781389585,,,,
labeled-data/rat9_front/img12190.png,117.49712181456707,83.04733934057991,115.58650757790909,84.57583072990629,116.35075327257229,86.86856781389585,,,,
labeled-data/rat9_front/img12191.png,117.49712181456707,83.4294621879115,115.20438473057752,84.19370788257469,115.58650757790909,86.48644496656426,,,,
labeled-data/rat9_front/img12192.png,116.73287611990389,82.66521649324831,114.44013903591431,84.19370788257469,115.20438473057752,86.86856781389585,,,,
labeled-data/rat9_front/img12193.png,117.49712181456707,83.4294621879115,115.20438473057752,84.19370788257469,115.58650757790909,86.48644496656426,,,,
labeled-data/rat9_front/img12194.png,117.11499896723546,83.4294621879115,114.82226188324591,84.19370788257469,116.35075327257229,86.48644496656426,,,,
labeled-data/rat9_front/img12195.png,116.73287611990389,82.66521649324831,114.44013903591431,84.19370788257469,115.96863042524069,86.48644496656426,,,,
labeled-data/rat9_front/img12196.png,117.49712181456707,83.04733934057991,115.20438473057752,83.8115850352431,115.58650757790909,86.48644496656426,,,,
labeled-data/rat9_front/img12197.png,116.35075327257229,83.04733934057991,114.44013903591431,83.8115850352431,115.96863042524069,86.86856781389585,,,,
labeled-data/rat9_front/img12198.png,116.73287611990389,83.04733934057991,114.82226188324591,84.19370788257469,115.96863042524069,86.10432211923266,,,,
labeled-data/rat9_front/img12199.png,116.35075327257229,83.04733934057991,113.67589334125114,83.8115850352431,115.58650757790909,86.86856781389585,,,,
labeled-data/rat9_front/img12200.png,116.73287611990389,83.4294621879115,114.82226188324591,83.8115850352431,115.58650757790909,87.25069066122745,,,,
labeled-data/rat9_front/img12201.png,116.73287611990389,83.4294621879115,114.44013903591431,83.8115850352431,115.96863042524069,86.48644496656426,,,,
labeled-data/rat9_front/img12202.png,116.35075327257229,83.4294621879115,114.05801618858271,83.8115850352431,116.35075327257229,86.86856781389585,,,,
labeled-data/rat9_front/img12203.png,116.35075327257229,82.66521649324831,113.29377049391954,84.19370788257469,115.96863042524069,86.86856781389585,,,,
labeled-data/rat9_front/img12204.png,116.35075327257229,83.04733934057991,114.05801618858271,84.19370788257469,115.20438473057752,86.48644496656426,,,,
labeled-data/rat9_front/img12205.png,115.96863042524069,83.4294621879115,113.67589334125114,84.57583072990629,115.58650757790909,86.48644496656426,,,,
labeled-data/rat9_front/img12206.png,116.35075327257229,85.34007642456947,114.82226188324591,86.86856781389585,,,,,,
labeled-data/rat9_front/img12207.png,115.96863042524069,85.72219927190106,114.82226188324591,88.01493635589064,,,,,,
labeled-data/rat9_front/img12208.png,116.35075327257229,86.48644496656426,,,,,,,,
labeled-data/rat9_front/img12209.png,116.35075327257229,87.63281350855904,,,,,,,,
labeled-data/rat9_front/img12210.png,,,,,,,,,,
labeled-data/rat9_front/img12211.png,,,,,,,,,,
labeled-data/rat9_front/img13310.png,115.96863042524069,81.51884795125352,110.61891056259836,80.75460225659033,,,,,112.91164764658794,87.25069066122745
labeled-data/rat9_front/img13311.png,113.29377049391954,76.1691280886112,108.32617347860881,75.7870052412796,107.179804936614,81.51884795125352,,,113.29377049391954,87.25069066122745
labeled-data/rat9_front/img13312.png,120.93622744055142,76.93337378327439,115.20438473057752,81.90097079858512,106.79768208928243,86.48644496656426,,,113.29377049391954,87.25069066122745
labeled-data/rat9_front/img13313.png,128.57868438718333,81.13672510392193,120.55410459321982,86.10432211923266,108.32617347860881,87.63281350855904,103.35857646329808,86.86856781389585,113.29377049391954,86.86856781389585
labeled-data/rat9_front/img13314.png,129.3429300818465,85.72219927190106,122.4647188298778,88.01493635589064,108.70829632594038,88.01493635589064,103.74069931062965,86.10432211923266,115.58650757790909,86.48644496656426
labeled-data/rat9_front/img13315.png,127.81443869252013,87.25069066122745,120.93622744055142,88.01493635589064,108.32617347860881,86.86856781389585,103.35857646329808,86.10432211923266,113.67589334125114,87.63281350855904
labeled-data/rat9_front/img13316.png,126.66807015052535,86.86856781389585,120.55410459321982,87.63281350855904,108.70829632594038,87.25069066122745,102.59433076863488,86.86856781389585,114.05801618858271,87.25069066122745
labeled-data/rat9_front/img13317.png,126.66807015052535,87.25069066122745,120.93622744055142,89.16130489788542,108.70829632594038,87.63281350855904,102.97645361596648,86.10432211923266,113.67589334125114,86.86856781389585
labeled-data/rat9_front/img13318.png,125.90382445586215,87.63281350855904,119.78985889855664,88.39705920322223,109.85466486793518,88.39705920322223,102.59433076863488,86.48644496656426,113.67589334125114,86.10432211923266
labeled-data/rat9_front/img13319.png,125.13957876119898,88.39705920322223,119.78985889855664,87.63281350855904,109.09041917327198,88.77918205055383,104.12282215796125,89.16130489788542,113.67589334125114,86.10432211923266
labeled-data/rat9_front/img13320.png,123.228964524541,88.77918205055383,119.40773605122504,88.39705920322223,108.70829632594038,88.77918205055383,104.12282215796125,89.92555059254862,111.38315625726156,86.10432211923266
labeled-data/rat9_front/img13321.png,122.8468416772094,89.54342774521702,119.40773605122504,88.39705920322223,109.09041917327198,89.54342774521702,104.50494500529285,89.92555059254862,112.14740195192473,86.86856781389585
labeled-data/rat9_front/img13322.png,122.08259598254622,88.39705920322223,119.02561320389344,88.39705920322223,109.85466486793518,88.77918205055383,105.26919069995603,89.54342774521702,112.14740195192473,86.48644496656426
labeled-data/rat9_front/img13323.png,122.4647188298778,88.39705920322223,119.02561320389344,88.39705920322223,108.70829632594038,88.39705920322223,104.50494500529285,90.3076734398802,112.52952479925634,86.86856781389585
labeled-data/rat9_front/img13324.png,120.55410459321982,87.25069066122745,117.87924466189867,88.39705920322223,109.47254202060358,89.16130489788542,105.65131354728763,90.3076734398802,111.76527910459316,86.10432211923266
labeled-data/rat9_front/img13325.png,119.02561320389344,87.63281350855904,116.73287611990389,86.86856781389585,111.76527910459316,88.77918205055383,,,111.00103340992996,84.95795357723787
labeled-data/rat9_front/img13326.png,118.64349035656187,86.86856781389585,116.35075327257229,86.10432211923266,111.00103340992996,88.77918205055383,,,,
labeled-data/rat9_front/img13327.png,119.40773605122504,85.72219927190106,115.96863042524069,86.10432211923266,111.76527910459316,89.16130489788542,,,,
labeled-data/rat9_front/img13328.png,118.64349035656187,84.57583072990629,116.35075327257229,85.34007642456947,111.38315625726156,89.16130489788542,,,,
labeled-data/rat9_front/img13329.png,118.64349035656187,84.57583072990629,115.58650757790909,84.95795357723787,111.76527910459316,88.01493635589064,,,,
labeled-data/rat9_front/img13330.png,117.87924466189867,83.8115850352431,115.96863042524069,84.19370788257469,111.76527910459316,88.39705920322223,,,,
labeled-data/rat9_front/img13331.png,118.26136750923027,83.04733934057991,116.35075327257229,83.8115850352431,111.00103340992996,88.77918205055383,,,,
labeled-data/rat9_front/img13332.png,118.26136750923027,83.4294621879115,115.96863042524069,83.8115850352431,111.76527910459316,89.16130489788542,,,,
labeled-data/rat9_front/img13333.png,118.64349035656187,83.04733934057991,116.35075327257229,83.4294621879115,112.52952479925634,89.16130489788542,,,,
labeled-data/rat9_front/img13334.png,118.64349035656187,82.66521649324831,115.58650757790909,83.4294621879115,112.91164764658794,88.39705920322223,,,,
labeled-data/rat9_front/img13335.png,118.3154271726401,82.11510403238968,115.66342693090266,82.39924691543297,111.76527910459316,88.01493635589064,,,,
labeled-data/rat9_front/img13336.png,,,115.58650757790909,82.28309364591672,111.00103340992996,89.16130489788542,,,,
labeled-data/rat9_front/img13337.png,,,115.96863042524069,82.28309364591672,111.76527910459316,88.77918205055383,,,,
labeled-data/rat9_front/img13338.png,,,116.35075327257229,82.66521649324831,111.38315625726156,88.39705920322223,,,,
labeled-data/rat9_front/img13339.png,,,115.58650757790909,81.90097079858512,111.76527910459316,88.39705920322223,,,,
labeled-data/rat9_front/img13340.png,,,115.96863042524069,81.13672510392193,111.38315625726156,87.63281350855904,,,,
labeled-data/rat9_front/img13341.png,,,115.58650757790909,81.51884795125352,111.38315625726156,87.63281350855904,,,,
labeled-data/rat9_front/img13342.png,,,115.20438473057752,81.51884795125352,111.76527910459316,88.39705920322223,,,,
labeled-data/rat9_front/img13343.png,,,115.58650757790909,80.37247940925874,111.76527910459316,88.01493635589064,,,,
labeled-data/rat9_front/img13344.png,,,115.96863042524069,81.51884795125352,112.91164764658794,88.01493635589064,,,,
labeled-data/rat9_front/img13345.png,,,115.20438473057752,81.51884795125352,111.38315625726156,87.25069066122745,,,,
labeled-data/rat9_front/img13346.png,,,115.96863042524069,80.37247940925874,111.76527910459316,88.01493635589064,,,,
labeled-data/rat9_front/img13347.png,,,113.29377049391954,81.90097079858512,,,,,,
labeled-data/rat9_front/img13348.png,,,114.44013903591431,82.28309364591672,,,,,,
labeled-data/rat9_front/img13349.png,,,113.67589334125114,82.28309364591672,,,,,,
labeled-data/rat9_front/img13350.png,,,114.82226188324591,82.66521649324831,,,,,,
labeled-data/rat9_front/img13351.png,,,113.29377049391954,83.04733934057991,,,,,,
labeled-data/rat9_front/img13352.png,,,112.91164764658794,83.04733934057991,,,,,,
labeled-data/rat9_front/img13353.png,,,114.05801618858271,82.66521649324831,,,,,,
labeled-data/rat9_front/img13354.png,,,114.05801618858271,83.04733934057991,,,,,,
labeled-data/rat9_front/img13355.png,,,113.67589334125114,81.90097079858512,,,,,,
labeled-data/rat9_front/img13356.png,,,113.67589334125114,82.28309364591672,,,,,,
labeled-data/rat9_front/img13357.png,,,114.44013903591431,82.28309364591672,,,,,,
labeled-data/rat9_front/img13358.png,,,114.05801618858271,81.51884795125352,,,,,,
labeled-data/rat9_front/img13359.png,,,114.05801618858271,82.28309364591672,,,,,,
labeled-data/rat9_front/img13360.png,,,113.67589334125114,81.51884795125352,,,,,,
labeled-data/rat9_front/img13361.png,,,112.91164764658794,82.28309364591672,,,,,,
labeled-data/rat9_front/img13362.png,,,112.91164764658794,81.51884795125352,,,,,,
labeled-data/rat9_front/img13363.png,,,113.29377049391954,82.28309364591672,,,,,,
labeled-data/rat9_front/img13364.png,,,,,,,,,,
labeled-data/rat9_front/img13365.png,,,112.52952479925634,81.90097079858512,,,,,,
labeled-data/rat9_front/img13366.png,,,112.14740195192473,82.28309364591672,,,,,,
labeled-data/rat9_front/img13367.png,,,112.52952479925634,81.51884795125352,,,,,,
labeled-data/rat9_front/img13368.png,,,111.38315625726156,81.51884795125352,,,,,,
labeled-data/rat9_front/img13369.png,,,112.91164764658794,81.90097079858512,,,,,,
labeled-data/rat9_front/img13370.png,,,112.52952479925634,82.28309364591672,,,,,,
labeled-data/rat9_front/img13371.png,,,111.76527910459316,81.51884795125352,,,,,,
labeled-data/rat9_front/img13372.png,,,112.14740195192473,82.28309364591672,,,,,,
labeled-data/rat9_front/img13373.png,,,112.91164764658794,84.19370788257469,,,,,,
labeled-data/rat9_front/img13374.png,,,112.91164764658794,85.72219927190106,,,,,,
labeled-data/rat9_front/img13375.png,,,112.14740195192473,86.48644496656426,,,,,,
labeled-data/rat9_front/img13376.png,,,,,,,,,,
labeled-data/rat9_front/img13377.png,,,,,,,,,,
labeled-data/rat9_front/img13378.png,,,,,,,,,,
labeled-data/rat9_front/img13379.png,,,,,,,,,,
labeled-data/rat9_front/img13691.png,94.1076314838243,65.65145490692211,89.64350713898428,69.08539671064523,83.46241189228265,70.80236761250679,76.93792246520873,73.54952105548527,84.8359886137719,75.60988613771914
labeled-data/rat9_front/img13692.png,103.03588017350442,70.80236761250679,92.73405476233508,73.54952105548527,83.46241189228265,75.60988613771914,76.93792246520873,77.3268570395807,,
labeled-data/rat9_front/img13693.png,105.09624525573828,74.57970359660222,97.54157328754742,75.60988613771914,84.14920025302727,75.26649195734683,78.6548933670703,75.95328031809146,,
labeled-data/rat9_front/img13694.png,103.37927435387674,74.92309777697452,97.19817910717511,75.60988613771914,85.52277697451653,75.95328031809146,79.68507590818722,76.29667449846377,,
labeled-data/rat9_front/img13695.png,103.37927435387674,74.57970359660222,95.48120820531356,75.60988613771914,86.89635369600576,76.29667449846377,80.02847008855953,75.60988613771914,,
labeled-data/rat9_front/img13696.png,102.00569763238748,75.95328031809146,95.13781402494125,75.95328031809146,87.23974787637808,76.29667449846377,80.37186426893184,75.95328031809146,,
labeled-data/rat9_front/img13697.png,100.28872673052594,74.2363094162299,93.76423730345199,75.26649195734683,88.61332459786733,76.29667449846377,82.43222935116573,76.64006867883607,,
labeled-data/rat9_front/img13698.png,97.54157328754742,74.2363094162299,93.76423730345199,74.92309777697452,89.30011295861196,75.95328031809146,82.08883517079342,76.64006867883607,,
labeled-data/rat9_front/img13699.png,95.48120820531356,73.89291523585759,92.73405476233508,72.86273269474066,89.98690131935656,75.60988613771914,83.46241189228265,76.64006867883607,,
labeled-data/rat9_front/img13700.png,,,92.04726640159045,71.4891559732514,89.98690131935656,75.26649195734683,83.80580607265496,76.29667449846377,,
labeled-data/rat9_front/img13701.png,,,92.39066058196276,72.17594433399603,89.98690131935656,76.64006867883607,83.80580607265496,76.64006867883607,,
labeled-data/rat9_front/img13702.png,94.45102566419662,70.80236761250679,92.04726640159045,71.4891559732514,89.98690131935656,74.92309777697452,83.46241189228265,75.26649195734683,,
labeled-data/rat9_front/img13703.png,93.76423730345199,70.45897343213447,91.70387222121813,71.1457617928791,89.30011295861196,74.2363094162299,82.43222935116573,75.60988613771914,,
labeled-data/rat9_front/img13704.png,,,92.04726640159045,71.1457617928791,89.64350713898428,73.54952105548527,82.77562353153805,75.95328031809146,,
labeled-data/rat9_front/img13705.png,94.1076314838243,70.80236761250679,91.36047804084582,71.1457617928791,89.30011295861196,73.54952105548527,83.11901771191033,75.95328031809146,,
labeled-data/rat9_front/img13706.png,94.1076314838243,70.80236761250679,92.39066058196276,72.17594433399603,89.98690131935656,73.54952105548527,83.46241189228265,75.60988613771914,,
labeled-data/rat9_front/img13707.png,94.1076314838243,71.4891559732514,92.04726640159045,71.4891559732514,89.30011295861196,73.89291523585759,83.46241189228265,75.60988613771914,,
labeled-data/rat9_front/img13708.png,93.4208431230797,69.77218507138984,91.0170838604735,70.80236761250679,88.95671877823965,73.20612687511296,82.08883517079342,75.60988613771914,,
labeled-data/rat9_front/img13709.png,93.76423730345199,69.42879089101754,91.70387222121813,70.80236761250679,89.30011295861196,73.20612687511296,82.77562353153805,75.60988613771914,,
labeled-data/rat9_front/img13710.png,94.1076314838243,69.77218507138984,91.36047804084582,70.80236761250679,88.95671877823965,72.86273269474066,83.80580607265496,75.26649195734683,,
labeled-data/rat9_front/img13711.png,94.1076314838243,70.11557925176216,91.36047804084582,71.4891559732514,88.95671877823965,73.54952105548527,82.43222935116573,75.26649195734683,,
labeled-data/rat9_front/img13712.png,94.45102566419662,69.77218507138984,91.36047804084582,71.1457617928791,89.64350713898428,73.20612687511296,82.77562353153805,75.95328031809146,,
labeled-data/rat9_front/img13713.png,93.4208431230797,69.77218507138984,91.36047804084582,70.80236761250679,88.61332459786733,73.20612687511296,83.11901771191033,76.29667449846377,,
labeled-data/rat9_front/img13714.png,93.76423730345199,70.80236761250679,91.0170838604735,71.1457617928791,89.30011295861196,72.86273269474066,83.46241189228265,75.26649195734683,,
labeled-data/rat9_front/img13715.png,93.76423730345199,70.11557925176216,91.36047804084582,70.80236761250679,89.30011295861196,73.20612687511296,82.43222935116573,74.92309777697452,,
labeled-data/rat9_front/img13716.png,94.1076314838243,69.77218507138984,92.39066058196276,71.4891559732514,88.95671877823965,72.86273269474066,82.77562353153805,75.60988613771914,,
labeled-data/rat9_front/img13717.png,94.1076314838243,70.11557925176216,91.0170838604735,71.4891559732514,88.61332459786733,72.86273269474066,82.77562353153805,75.95328031809146,,
labeled-data/rat9_front/img13718.png,93.76423730345199,70.45897343213447,91.36047804084582,71.1457617928791,88.95671877823965,73.20612687511296,82.08883517079342,75.95328031809146,,
labeled-data/rat9_front/img13719.png,94.1076314838243,70.80236761250679,91.0170838604735,71.1457617928791,88.95671877823965,72.86273269474066,83.11901771191033,75.60988613771914,,
labeled-data/rat9_front/img13720.png,93.4208431230797,70.45897343213447,90.67368968010119,71.83255015362371,88.95671877823965,72.86273269474066,81.7454409904211,75.26649195734683,,
labeled-data/rat9_front/img13721.png,93.76423730345199,70.45897343213447,91.36047804084582,71.83255015362371,88.26993041749502,73.54952105548527,82.08883517079342,75.26649195734683,,
labeled-data/rat9_front/img13722.png,93.4208431230797,70.11557925176216,90.67368968010119,71.1457617928791,88.26993041749502,73.54952105548527,,,,
labeled-data/rat9_front/img13723.png,92.73405476233508,71.4891559732514,89.98690131935656,71.1457617928791,89.30011295861196,74.57970359660222,,,,
labeled-data/rat9_front/img13724.png,93.4208431230797,71.1457617928791,90.67368968010119,73.20612687511296,89.30011295861196,74.92309777697452,,,,
labeled-data/rat9_front/img13725.png,92.73405476233508,70.80236761250679,90.33029549972888,71.83255015362371,,,,,,
labeled-data/rat9_front/img13726.png,92.73405476233508,71.4891559732514,91.0170838604735,72.86273269474066,,,,,,
labeled-data/rat9_front/img13727.png,93.07744894270739,71.83255015362371,,,,,,,,
labeled-data/rat9_front/img13728.png,92.73405476233508,71.83255015362371,,,,,,,,
labeled-data/rat9_front/img13729.png,93.07744894270739,71.83255015362371,,,,,,,,
labeled-data/rat9_front/img13730.png,91.0170838604735,70.11557925176216,,,,,,,,
labeled-data/rat9_front/img13731.png,91.36047804084582,70.45897343213447,,,,,,,,
labeled-data/rat9_front/img13732.png,92.39066058196276,70.45897343213447,90.67368968010119,70.80236761250679,89.98690131935656,73.89291523585759,,,,
labeled-data/rat9_front/img13733.png,90.67368968010119,68.74200253027291,89.30011295861196,70.80236761250679,89.98690131935656,74.57970359660222,,,,
labeled-data/rat9_front/img13734.png,91.0170838604735,69.42879089101754,,,89.64350713898428,74.2363094162299,,,,
labeled-data/rat9_front/img13735.png,91.70387222121813,69.08539671064523,,,89.98690131935656,74.57970359660222,,,,
labeled-data/rat9_front/img13736.png,,,,,89.64350713898428,74.92309777697452,,,,
labeled-data/rat9_front/img13737.png,92.04726640159045,69.08539671064523,89.98690131935656,70.80236761250679,90.67368968010119,74.57970359660222,,,,
labeled-data/rat9_front/img13738.png,91.70387222121813,69.42879089101754,90.33029549972888,71.1457617928791,89.98690131935656,74.57970359660222,,,,
labeled-data/rat9_front/img13739.png,91.70387222121813,69.42879089101754,89.98690131935656,70.80236761250679,90.67368968010119,74.2363094162299,,,,
labeled-data/rat9_front/img13740.png,92.04726640159045,69.08539671064523,89.98690131935656,70.80236761250679,91.36047804084582,73.89291523585759,,,,
labeled-data/rat9_front/img13741.png,92.04726640159045,69.08539671064523,89.30011295861196,70.80236761250679,91.0170838604735,74.2363094162299,,,,
labeled-data/rat9_front/img13742.png,92.04726640159045,69.42879089101754,89.64350713898428,71.83255015362371,,,,,,
labeled-data/rat9_front/img13743.png,90.33029549972888,70.11557925176216,88.95671877823965,72.51933851436834,,,,,,
labeled-data/rat9_front/img13744.png,90.67368968010119,71.4891559732514,89.64350713898428,73.89291523585759,,,,,,
labeled-data/rat9_front/img13745.png,91.36047804084582,72.51933851436834,,,,,,,,
labeled-data/rat9_front/img13746.png,,,,,,,,,,
labeled-data/rat9_front/img13747.png,,,,,,,,,,
labeled-data/rat9_front/img13748.png,,,,,,,,,,
labeled-data/rat9_front/img13749.png,,,,,,,,,,
labeled-data/rat9_front/img13750.png,,,,,,,,,,
labeled-data/rat9_front/img14306.png,,,,,,,,,89.30011295861196,74.92309777697452
labeled-data/rat9_front/img14307.png,,,,,,,,,88.61332459786733,74.92309777697452
labeled-data/rat9_front/img14308.png,,,,,,,,,88.26993041749502,74.92309777697452
labeled-data/rat9_front/img14309.png,,,,,,,,,88.26993041749502,75.26649195734683
labeled-data/rat9_front/img14310.png,100.28872673052594,64.27787818543287,97.19817910717511,70.80236761250679,88.95671877823965,73.54952105548527,81.7454409904211,75.95328031809146,,
labeled-data/rat9_front/img14311.png,106.81321615759985,71.1457617928791,99.94533255015362,75.95328031809146,87.58314205675039,74.57970359660222,81.40204681004879,75.60988613771914,91.0170838604735,74.57970359660222
labeled-data/rat9_front/img14312.png,105.78303361648291,74.57970359660222,100.63212091089822,77.67025121995302,87.9265362371227,75.60988613771914,82.77562353153805,75.95328031809146,91.70387222121813,74.57970359660222
labeled-data/rat9_front/img14313.png,105.09624525573828,75.26649195734683,100.97551509127054,77.3268570395807,88.61332459786733,76.98346285920839,82.77562353153805,75.95328031809146,91.36047804084582,74.2363094162299
labeled-data/rat9_front/img14314.png,104.40945689499365,75.60988613771914,99.94533255015362,75.95328031809146,88.95671877823965,76.64006867883607,82.43222935116573,76.64006867883607,92.04726640159045,74.2363094162299
labeled-data/rat9_front/img14315.png,103.37927435387674,75.95328031809146,99.258544189409,75.60988613771914,90.67368968010119,75.95328031809146,83.46241189228265,76.29667449846377,92.04726640159045,72.86273269474066
labeled-data/rat9_front/img14316.png,100.28872673052594,75.26649195734683,96.51139074643051,74.92309777697452,90.67368968010119,75.60988613771914,84.14920025302727,76.64006867883607,,
labeled-data/rat9_front/img14317.png,98.91515000903668,73.20612687511296,96.16799656605819,74.2363094162299,92.39066058196276,75.60988613771914,86.20956533526116,76.29667449846377,,
labeled-data/rat9_front/img14318.png,,,95.82460238568588,72.17594433399603,91.0170838604735,76.98346285920839,85.86617115488885,76.29667449846377,,
labeled-data/rat9_front/img14319.png,,,94.79441984456894,71.1457617928791,90.67368968010119,77.3268570395807,86.89635369600576,77.3268570395807,,
labeled-data/rat9_front/img14320.png,,,95.48120820531356,70.80236761250679,91.70387222121813,76.29667449846377,,,,
labeled-data/rat9_front/img14321.png,,,94.79441984456894,71.1457617928791,91.70387222121813,76.64006867883607,,,,
labeled-data/rat9_front/img14322.png,,,94.79441984456894,70.80236761250679,91.0170838604735,76.64006867883607,,,,
labeled-data/rat9_front/img14323.png,,,94.1076314838243,70.45897343213447,89.30011295861196,75.95328031809146,,,,
labeled-data/rat9_front/img14324.png,,,95.48120820531356,70.45897343213447,89.98690131935656,75.60988613771914,,,,
labeled-data/rat9_front/img14325.png,,,94.45102566419662,70.80236761250679,90.33029549972888,75.95328031809146,,,,
labeled-data/rat9_front/img14326.png,,,94.45102566419662,70.45897343213447,90.33029549972888,76.98346285920839,,,,
labeled-data/rat9_front/img14327.png,,,94.45102566419662,70.45897343213447,89.98690131935656,75.95328031809146,,,,
labeled-data/rat9_front/img14328.png,,,94.45102566419662,71.4891559732514,90.33029549972888,75.95328031809146,,,,
labeled-data/rat9_front/img14329.png,,,94.45102566419662,69.77218507138984,89.98690131935656,76.64006867883607,,,,
labeled-data/rat9_front/img14330.png,,,,,,,,,,
labeled-data/rat9_front/img14331.png,,,,,,,,,,
labeled-data/rat9_front/img14332.png,,,,,,,,,,
labeled-data/rat9_front/img14333.png,,,,,,,,,,
labeled-data/rat9_front/img14334.png,,,,,,,,,,
labeled-data/rat9_front/img14335.png,,,,,,,,,,
labeled-data/rat9_front/img14336.png,95.82460238568588,68.74200253027291,94.1076314838243,70.45897343213447,89.30011295861196,75.95328031809146,,,,
labeled-data/rat9_front/img14337.png,96.51139074643051,69.08539671064523,94.45102566419662,70.45897343213447,89.30011295861196,76.29667449846377,,,,
labeled-data/rat9_front/img14338.png,,,94.1076314838243,70.11557925176216,89.98690131935656,76.64006867883607,,,,
labeled-data/rat9_front/img14339.png,96.51139074643051,69.08539671064523,93.4208431230797,70.11557925176216,89.64350713898428,76.64006867883607,,,,
labeled-data/rat9_front/img14340.png,,,93.4208431230797,70.11557925176216,89.64350713898428,75.95328031809146,,,,
labeled-data/rat9_front/img14341.png,,,93.4208431230797,69.42879089101754,89.64350713898428,76.29667449846377,,,,
labeled-data/rat9_front/img14342.png,,,93.07744894270739,69.77218507138984,90.33029549972888,77.3268570395807,,,,
labeled-data/rat9_front/img14343.png,,,93.07744894270739,69.77218507138984,89.98690131935656,76.64006867883607,,,,
labeled-data/rat9_front/img14344.png,,,93.07744894270739,69.77218507138984,88.95671877823965,75.95328031809146,,,,
labeled-data/rat9_front/img14345.png,,,93.07744894270739,69.08539671064523,88.95671877823965,76.64006867883607,,,,
labeled-data/rat9_front/img14346.png,,,92.73405476233508,69.42879089101754,89.98690131935656,76.64006867883607,,,,
labeled-data/rat9_front/img14347.png,,,92.73405476233508,69.77218507138984,89.30011295861196,76.98346285920839,,,,
labeled-data/rat9_front/img14348.png,95.48120820531356,68.74200253027291,92.73405476233508,69.42879089101754,89.30011295861196,75.60988613771914,,,,
labeled-data/rat9_front/img14349.png,94.45102566419662,68.3986083499006,92.04726640159045,69.42879089101754,89.30011295861196,75.60988613771914,,,,
labeled-data/rat9_front/img14350.png,94.1076314838243,67.36842580878367,91.70387222121813,68.3986083499006,88.26993041749502,75.26649195734683,,,,
labeled-data/rat9_front/img14351.png,93.07744894270739,67.36842580878367,92.04726640159045,68.74200253027291,89.30011295861196,74.92309777697452,,,,
labeled-data/rat9_front/img14352.png,93.4208431230797,67.36842580878367,90.67368968010119,67.71181998915598,87.9265362371227,74.92309777697452,,,,
labeled-data/rat9_front/img14353.png,92.39066058196276,66.68163744803904,90.33029549972888,67.71181998915598,87.9265362371227,74.92309777697452,,,,
labeled-data/rat9_front/img14354.png,,,89.64350713898428,66.68163744803904,88.26993041749502,74.2363094162299,,,,
labeled-data/rat9_front/img14355.png,,,88.61332459786733,68.05521416952828,,,,,,
labeled-data/rat9_front/img14356.png,,,89.64350713898428,68.74200253027291,,,,,,
labeled-data/rat9_front/img14357.png,,,89.30011295861196,70.11557925176216,,,,,,
labeled-data/rat9_front/img14358.png,,,90.33029549972888,72.17594433399603,,,,,,
labeled-data/rat9_front/img14359.png,,,89.64350713898428,74.2363094162299,,,,,,
labeled-data/rat9_front/img14360.png,,,,,,,,,,
labeled-data/rat9_front/img14361.png,,,,,,,,,,
labeled-data/rat9_front/img14362.png,,,,,,,,,,
